{"stats":{"minecraft:killed":{"minecraft:spider":3,"minecraft:phantom":4,"minecraft:skeleton":12,"minecraft:drowned":1,"minecraft:salmon":2,"minecraft:hoglin":8,"minecraft:creeper":3,"minecraft:trader_llama":2,"minecraft:zombie":45},"minecraft:picked_up":{"minecraft:crafting_table":1,"minecraft:wheat":63,"minecraft:lead":2,"minecraft:amethyst_block":2,"minecraft:string":3,"minecraft:oak_trapdoor":7,"minecraft:raw_copper":22,"minecraft:oak_sign":5,"minecraft:shroomlight":1,"minecraft:gold_nugget":18,"minecraft:cobbled_deepslate":93,"minecraft:cobblestone_slab":5,"minecraft:calcite":2,"minecraft:observer":3,"minecraft:sugar_cane":55,"minecraft:chest":1,"minecraft:phantom_membrane":2,"minecraft:egg":4,"minecraft:raw_iron":34,"minecraft:stick":31,"minecraft:oak_door":2,"minecraft:oak_fence":4,"minecraft:torch":62,"minecraft:note_block":2,"minecraft:porkchop":28,"minecraft:diorite":119,"minecraft:redstone":47,"minecraft:weeping_vines":2,"minecraft:arrow":13,"minecraft:rotten_flesh":44,"minecraft:cobblestone":964,"minecraft:stripped_oak_log":1,"minecraft:andesite":2,"minecraft:salmon":2,"minecraft:leather":7,"minecraft:crimson_fungus":5,"minecraft:oak_log":219,"minecraft:gunpowder":4,"minecraft:cobblestone_stairs":4,"minecraft:lapis_lazuli":22,"minecraft:dirt":256,"minecraft:bone":15,"minecraft:apple":7,"minecraft:bow":1,"minecraft:wheat_seeds":194,"minecraft:raw_gold":27,"minecraft:iron_sword":1,"minecraft:glowstone_dust":33,"minecraft:oak_planks":1,"minecraft:oak_slab":7,"minecraft:smooth_basalt":2,"minecraft:warped_fungus":1,"minecraft:pumpkin":7,"minecraft:quartz":18,"minecraft:spider_eye":1,"minecraft:diamond":3,"minecraft:oak_sapling":76,"minecraft:netherrack":149,"minecraft:coal":107,"minecraft:crimson_roots":15,"minecraft:hopper":1},"minecraft:broken":{"minecraft:golden_helmet":1,"minecraft:golden_axe":1,"minecraft:stone_axe":2,"minecraft:golden_chestplate":1,"minecraft:iron_hoe":1},"minecraft:crafted":{"minecraft:oak_door":3,"minecraft:oak_planks":348,"minecraft:cobblestone_slab":30,"minecraft:oak_sign":6,"minecraft:piston":5,"minecraft:cobblestone_stairs":4,"minecraft:bone_meal":18,"minecraft:bookshelf":4,"minecraft:heavy_weighted_pressure_plate":1,"minecraft:oak_trapdoor":26,"minecraft:hopper":1,"minecraft:iron_axe":1,"minecraft:iron_hoe":1,"minecraft:chest":3,"minecraft:cobbled_deepslate_stairs":8,"minecraft:oak_fence":48,"minecraft:observer":5,"minecraft:cooked_cod":16,"minecraft:oak_slab":60,"minecraft:cooked_porkchop":9,"minecraft:crafting_table":5,"minecraft:cooked_salmon":1,"minecraft:copper_ingot":29,"minecraft:pumpkin_seeds":20,"minecraft:stone_axe":1,"minecraft:glowstone":8,"minecraft:bread":7,"minecraft:air":0,"minecraft:oak_fence_gate":1,"minecraft:book":12,"minecraft:wooden_hoe":1,"minecraft:paper":45,"minecraft:diamond_pickaxe":1,"minecraft:stick":76,"minecraft:iron_ingot":37,"minecraft:iron_shovel":2,"minecraft:gold_ingot":27,"minecraft:note_block":1,"minecraft:torch":164},"minecraft:used":{"minecraft:oak_trapdoor":23,"minecraft:oak_fence":36,"minecraft:iron_shovel":234,"minecraft:redstone":5,"minecraft:oak_sign":9,"minecraft:chest":5,"minecraft:iron_sword":358,"minecraft:cooked_salmon":6,"minecraft:rotten_flesh":4,"minecraft:netherrack":8,"minecraft:oak_door":4,"minecraft:torch":169,"minecraft:dirt":171,"minecraft:soul_sand":1,"minecraft:hopper":2,"minecraft:oak_fence_gate":1,"minecraft:shroomlight":1,"minecraft:iron_hoe":250,"minecraft:glass":27,"minecraft:bookshelf":4,"minecraft:iron_axe":83,"minecraft:glowstone":8,"minecraft:oak_sapling":44,"minecraft:egg":4,"minecraft:cobbled_deepslate":182,"minecraft:observer":8,"minecraft:golden_axe":32,"minecraft:wheat_seeds":116,"minecraft:water_bucket":89,"minecraft:diorite":26,"minecraft:cobblestone_stairs":4,"minecraft:oak_planks":76,"minecraft:sugar_cane":9,"minecraft:cobblestone_slab":5,"minecraft:salmon":1,"minecraft:oak_slab":19,"minecraft:crafting_table":6,"minecraft:note_block":3,"minecraft:pumpkin_seeds":18,"minecraft:cobbled_deepslate_stairs":8,"minecraft:oak_log":49,"minecraft:piston":5,"minecraft:wooden_hoe":37,"minecraft:diamond_pickaxe":1547,"minecraft:apple":5,"minecraft:heavy_weighted_pressure_plate":1,"minecraft:bread":6,"minecraft:iron_pickaxe":61,"minecraft:stone_axe":156,"minecraft:fishing_rod":144,"minecraft:cobblestone":115,"minecraft:cooked_porkchop":21,"minecraft:porkchop":19,"minecraft:bucket":90,"minecraft:bone_meal":12},"minecraft:custom":{"minecraft:mob_kills":82,"minecraft:animals_bred":6,"minecraft:inspect_hopper":5,"minecraft:interact_with_crafting_table":51,"minecraft:leave_game":4,"minecraft:time_since_death":466149,"minecraft:climb_one_cm":20268,"minecraft:sprint_one_cm":211968,"minecraft:walk_one_cm":962239,"minecraft:drop":2,"minecraft:play_noteblock":3,"minecraft:talked_to_villager":2,"minecraft:play_time":466149,"minecraft:sneak_time":13283,"minecraft:walk_under_water_one_cm":104868,"minecraft:jump":2533,"minecraft:walk_on_water_one_cm":50212,"minecraft:enchant_item":5,"minecraft:total_world_time":478691,"minecraft:interact_with_furnace":63,"minecraft:tune_noteblock":24507,"minecraft:sleep_in_bed":2,"minecraft:time_since_rest":442572,"minecraft:damage_taken":3221,"minecraft:damage_dealt":17055,"minecraft:swim_one_cm":31538,"minecraft:fly_one_cm":325959,"minecraft:open_chest":268,"minecraft:crouch_one_cm":44765,"minecraft:fish_caught":83,"minecraft:fall_one_cm":66122},"minecraft:mined":{"minecraft:nether_gold_ore":5,"minecraft:oak_sapling":4,"minecraft:deepslate_diamond_ore":3,"minecraft:oak_door":1,"minecraft:sculk_vein":9,"minecraft:cobblestone_stairs":4,"minecraft:grass_block":73,"minecraft:crimson_roots":14,"minecraft:hopper":1,"minecraft:crimson_fungus":5,"minecraft:oak_wall_sign":3,"minecraft:weeping_vines_plant":3,"minecraft:redstone_ore":1,"minecraft:oak_trapdoor":9,"minecraft:sculk_catalyst":2,"minecraft:glowstone":12,"minecraft:iron_ore":12,"minecraft:cobbled_deepslate":31,"minecraft:andesite":2,"minecraft:pumpkin":7,"minecraft:deepslate_lapis_ore":1,"minecraft:sculk_shrieker":1,"minecraft:deepslate_iron_ore":23,"minecraft:cobblestone_slab":5,"minecraft:shroomlight":1,"minecraft:stripped_oak_log":1,"minecraft:stone":943,"minecraft:deepslate_redstone_ore":10,"minecraft:oak_slab":7,"minecraft:crimson_nylium":18,"minecraft:observer":3,"minecraft:note_block":2,"minecraft:oak_fence":4,"minecraft:crafting_table":1,"minecraft:torch":25,"minecraft:calcite":2,"minecraft:chest":1,"minecraft:sculk_sensor":9,"minecraft:glass":9,"minecraft:nether_quartz_ore":18,"minecraft:tall_grass":47,"minecraft:copper_ore":6,"minecraft:cobblestone":23,"minecraft:deepslate_gold_ore":21,"minecraft:lapis_ore":2,"minecraft:sugar_cane":20,"minecraft:oak_planks":1,"minecraft:sculk":189,"minecraft:diorite":120,"minecraft:wall_torch":26,"minecraft:amethyst_block":2,"minecraft:wheat":68,"minecraft:warped_fungus":1,"minecraft:grass":83,"minecraft:coal_ore":107,"minecraft:oak_log":219,"minecraft:dirt":170,"minecraft:smooth_basalt":2,"minecraft:netherrack":150,"minecraft:gold_ore":6,"minecraft:oak_leaves":142,"minecraft:deepslate":56},"minecraft:dropped":{"minecraft:iron_sword":1,"minecraft:warped_fungus":1}},"DataVersion":3465}