{"stats":{"minecraft:custom":{"minecraft:mob_kills":54,"minecraft:inspect_hopper":8,"minecraft:interact_with_crafting_table":91,"minecraft:leave_game":9,"minecraft:time_since_death":406646,"minecraft:climb_one_cm":138147,"minecraft:sprint_one_cm":266930,"minecraft:walk_one_cm":860637,"minecraft:drop":7,"minecraft:play_noteblock":4,"minecraft:talked_to_villager":7,"minecraft:play_time":553056,"minecraft:strider_one_cm":640497,"minecraft:sneak_time":20777,"minecraft:deaths":2,"minecraft:walk_under_water_one_cm":1002770,"minecraft:boat_one_cm":220837,"minecraft:jump":3249,"minecraft:walk_on_water_one_cm":55004,"minecraft:enchant_item":1,"minecraft:total_world_time":892246,"minecraft:interact_with_furnace":128,"minecraft:traded_with_villager":1,"minecraft:tune_noteblock":16916,"minecraft:sleep_in_bed":8,"minecraft:time_since_rest":10831,"minecraft:damage_taken":4362,"minecraft:damage_dealt":9152,"minecraft:swim_one_cm":94699,"minecraft:fly_one_cm":381389,"minecraft:open_chest":303,"minecraft:crouch_one_cm":71703,"minecraft:fish_caught":86,"minecraft:fall_one_cm":102584,"minecraft:horse_one_cm":5457},"minecraft:crafted":{"minecraft:wooden_sword":1,"minecraft:oak_door":12,"minecraft:oak_planks":748,"minecraft:stone_shovel":5,"minecraft:cobblestone_slab":60,"minecraft:oak_sign":147,"minecraft:fishing_rod":4,"minecraft:furnace":5,"minecraft:heavy_weighted_pressure_plate":1,"minecraft:cooked_mutton":5,"minecraft:oak_trapdoor":4,"minecraft:flint_and_steel":1,"minecraft:glass":64,"minecraft:hopper":1,"minecraft:ladder":138,"minecraft:stone_pickaxe":5,"minecraft:chest":12,"minecraft:oak_fence":3,"minecraft:cooked_cod":50,"minecraft:crimson_planks":4,"minecraft:iron_trapdoor":1,"minecraft:cooked_porkchop":11,"minecraft:crafting_table":10,"minecraft:enchanting_table":1,"minecraft:wooden_pickaxe":1,"minecraft:iron_sword":1,"minecraft:cooked_salmon":26,"minecraft:copper_ingot":10,"minecraft:bucket":1,"minecraft:stone_axe":2,"minecraft:air":0,"minecraft:oak_boat":1,"minecraft:book":2,"minecraft:paper":6,"minecraft:diamond_pickaxe":1,"minecraft:warped_fungus_on_a_stick":1,"minecraft:stick":408,"minecraft:iron_ingot":39,"minecraft:iron_pickaxe":6,"minecraft:stone_sword":1,"minecraft:gold_ingot":58,"minecraft:white_bed":1,"minecraft:acacia_sapling":1,"minecraft:note_block":1,"minecraft:torch":132},"minecraft:broken":{"minecraft:stone_sword":1,"minecraft:stone_pickaxe":4,"minecraft:stone_axe":1,"minecraft:iron_pickaxe":4,"minecraft:fishing_rod":2,"minecraft:stone_shovel":4},"minecraft:dropped":{"minecraft:crimson_roots":2,"minecraft:raw_copper":2,"minecraft:stone_sword":1,"minecraft:stone_shovel":1,"minecraft:spider_eye":1},"minecraft:picked_up":{"minecraft:crafting_table":9,"minecraft:azure_bluet":4,"minecraft:iron_trapdoor":1,"minecraft:ladder":37,"minecraft:lead":6,"minecraft:gold_block":1,"minecraft:heavy_weighted_pressure_plate":2,"minecraft:cornflower":1,"minecraft:string":2,"minecraft:raw_copper":19,"minecraft:cooked_salmon":3,"minecraft:wooden_sword":1,"minecraft:flint_and_steel":1,"minecraft:pufferfish":1,"minecraft:blackstone":2,"minecraft:oak_sign":5,"minecraft:gold_nugget":37,"minecraft:cobbled_deepslate":952,"minecraft:oak_boat":12,"minecraft:cobblestone_slab":100,"minecraft:poppy":2,"minecraft:iron_pickaxe":2,"minecraft:sugar_cane":22,"minecraft:chest":4,"minecraft:furnace":3,"minecraft:stick":109,"minecraft:raw_iron":40,"minecraft:oak_door":3,"minecraft:copper_ingot":10,"minecraft:oak_fence":2,"minecraft:torch":96,"minecraft:acacia_log":7,"minecraft:note_block":1,"minecraft:porkchop":11,"minecraft:diorite":53,"minecraft:redstone":179,"minecraft:prismarine_crystals":2,"minecraft:rotten_flesh":19,"minecraft:stone_sword":3,"minecraft:arrow":7,"minecraft:weeping_vines":2,"minecraft:stone_shovel":3,"minecraft:obsidian":14,"minecraft:mutton":5,"minecraft:cod":5,"minecraft:white_wool":3,"minecraft:cobblestone":877,"minecraft:oxeye_daisy":2,"minecraft:enchanting_table":1,"minecraft:magma_block":5,"minecraft:andesite":60,"minecraft:crimson_stem":3,"minecraft:tripwire_hook":1,"minecraft:salmon":13,"minecraft:leather":10,"minecraft:flint":14,"minecraft:crimson_fungus":7,"minecraft:tuff":94,"minecraft:oak_log":233,"minecraft:nether_wart_block":5,"minecraft:gunpowder":4,"minecraft:lapis_lazuli":264,"minecraft:dirt":734,"minecraft:glass":64,"minecraft:bone":7,"minecraft:apple":4,"minecraft:bow":2,"minecraft:wheat_seeds":53,"minecraft:raw_gold":57,"minecraft:iron_ingot":31,"minecraft:stone_pickaxe":2,"minecraft:oak_planks":4,"minecraft:soul_sand":25,"minecraft:warped_fungus":1,"minecraft:cooked_porkchop":3,"minecraft:pumpkin":6,"minecraft:quartz":10,"minecraft:dandelion":19,"minecraft:gravel":271,"minecraft:sand":64,"minecraft:spruce_log":1,"minecraft:spider_eye":1,"minecraft:mossy_cobblestone":1,"minecraft:diamond":17,"minecraft:stone_axe":2,"minecraft:granite":43,"minecraft:oak_sapling":129,"minecraft:netherrack":268,"minecraft:coal":89,"minecraft:hopper":1,"minecraft:crimson_roots":22},"minecraft:used":{"minecraft:oak_fence":3,"minecraft:oak_trapdoor":3,"minecraft:stone_sword":128,"minecraft:enchanting_table":2,"minecraft:flint_and_steel":22,"minecraft:stone_shovel":625,"minecraft:ladder":144,"minecraft:oak_sign":134,"minecraft:chest":12,"minecraft:iron_sword":61,"minecraft:cooked_salmon":11,"minecraft:netherrack":204,"minecraft:oak_door":10,"minecraft:torch":186,"minecraft:soul_sand":2,"minecraft:dirt":206,"minecraft:hopper":2,"minecraft:tuff":8,"minecraft:acacia_sapling":1,"minecraft:obsidian":10,"minecraft:glass":4,"minecraft:crimson_planks":4,"minecraft:iron_trapdoor":1,"minecraft:oak_sapling":51,"minecraft:furnace":8,"minecraft:cooked_cod":50,"minecraft:cobbled_deepslate":128,"minecraft:cooked_mutton":5,"minecraft:water_bucket":232,"minecraft:warped_fungus_on_a_stick":23,"minecraft:oak_planks":4,"minecraft:stone_pickaxe":582,"minecraft:sugar_cane":16,"minecraft:wooden_pickaxe":3,"minecraft:cobblestone_slab":19,"minecraft:mossy_cobblestone":1,"minecraft:crafting_table":16,"minecraft:white_bed":1,"minecraft:cod":9,"minecraft:note_block":2,"minecraft:oak_log":8,"minecraft:cornflower":1,"minecraft:diamond_pickaxe":609,"minecraft:apple":1,"minecraft:iron_pickaxe":1194,"minecraft:heavy_weighted_pressure_plate":3,"minecraft:bread":1,"minecraft:gravel":1,"minecraft:stone_axe":293,"minecraft:fire_charge":1,"minecraft:nether_wart_block":2,"minecraft:fishing_rod":469,"minecraft:wooden_sword":10,"minecraft:crimson_fungus":1,"minecraft:cobblestone":191,"minecraft:cooked_porkchop":2,"minecraft:andesite":4,"minecraft:bucket":232,"minecraft:oak_boat":12},"minecraft:killed_by":{"minecraft:zombie":1},"minecraft:killed":{"minecraft:spider":2,"minecraft:skeleton":6,"minecraft:drowned":12,"minecraft:salmon":12,"minecraft:hoglin":6,"minecraft:creeper":1,"minecraft:sheep":3,"minecraft:trader_llama":4,"minecraft:pillager":1,"minecraft:zombie":6},"minecraft:mined":{"minecraft:nether_gold_ore":8,"minecraft:tuff":81,"minecraft:oak_sapling":8,"minecraft:mossy_cobblestone":1,"minecraft:deepslate_diamond_ore":17,"minecraft:mossy_stone_brick_slab":1,"minecraft:sculk_vein":3,"minecraft:sea_lantern":1,"minecraft:obsidian":14,"minecraft:ladder":4,"minecraft:granite":32,"minecraft:acacia_log":7,"minecraft:grass_block":207,"minecraft:crimson_roots":16,"minecraft:crimson_fungus":7,"minecraft:hopper":1,"minecraft:oxeye_daisy":1,"minecraft:oak_wall_sign":4,"minecraft:crimson_stem":3,"minecraft:weeping_vines_plant":3,"minecraft:redstone_ore":4,"minecraft:magma_block":5,"minecraft:heavy_weighted_pressure_plate":2,"minecraft:sculk_catalyst":1,"minecraft:furnace":3,"minecraft:iron_ore":33,"minecraft:cobbled_deepslate":4,"minecraft:fire":3,"minecraft:andesite":40,"minecraft:pumpkin":2,"minecraft:deepslate_lapis_ore":2,"minecraft:gold_block":1,"minecraft:azure_bluet":2,"minecraft:enchanting_table":1,"minecraft:oak_sign":1,"minecraft:cobblestone_slab":9,"minecraft:deepslate_iron_ore":7,"minecraft:packed_ice":3,"minecraft:stone":588,"minecraft:deepslate_redstone_ore":32,"minecraft:acacia_leaves":3,"minecraft:soul_sand":25,"minecraft:blackstone":2,"minecraft:soul_fire":10,"minecraft:crimson_nylium":44,"minecraft:dandelion":9,"minecraft:oak_fence":2,"minecraft:cornflower":1,"minecraft:crafting_table":8,"minecraft:torch":33,"minecraft:note_block":1,"minecraft:poppy":1,"minecraft:chest":4,"minecraft:sculk_sensor":1,"minecraft:nether_quartz_ore":11,"minecraft:copper_ore":6,"minecraft:tall_grass":9,"minecraft:cobblestone":66,"minecraft:deepslate_gold_ore":41,"minecraft:lapis_ore":17,"minecraft:oak_planks":3,"minecraft:sugar_cane":11,"minecraft:sculk":9,"minecraft:diorite":36,"minecraft:wall_torch":23,"minecraft:nether_wart_block":5,"minecraft:ice":2,"minecraft:spruce_log":1,"minecraft:warped_fungus":1,"minecraft:grass":126,"minecraft:oak_log":218,"minecraft:coal_ore":74,"minecraft:gravel":142,"minecraft:sand":65,"minecraft:dirt":230,"minecraft:netherrack":234,"minecraft:gold_ore":8,"minecraft:oak_leaves":319,"minecraft:iron_trapdoor":1,"minecraft:deepslate":893,"minecraft:suspicious_gravel":1}},"DataVersion":3465}